1285364095319973888,"RT @Stanford_GOP: The current #CCPVirus numbers are garbage: they‚Äôre counting people who refuse tests as positive in many states.

We encou‚Ä¶",CCPVirus,en,Tue Jul 21 00:00:55 +0000 2020,16156157,UPTOWNGIRL2008,,,,"LONG ISLAND RED, NEW YORK"
1285365824950341632,"#Tyranny‚ö†Ô∏è

visible
#Republicrat (#LawAndOrder)
#MilitarizedPolice
#RubberBullets/#FlashBangs
#ChemicalWeapon-Conv.-banned-#Teargas
#gestapo/#kidnappings

sneaky
#Demoblican (#SaveTheChildren)
#COVID19 #Technocracy
#TrackAndTrace/#5G/#GeneEditingVaccines

#CandyCoatedDictatorship https://t.co/gJD7JRKMpA",Tyranny Republicrat LawAndOrder MilitarizedPolice RubberBullets FlashBangs ChemicalWeapon Teargas gestapo kidnappings Demoblican SaveTheChildren COVID19 Technocracy TrackAndTrace 5G GeneEditingVaccines CandyCoatedDictatorship,en,Tue Jul 21 00:07:48 +0000 2020,4794990032,Je Suis Exodus 3:14/Pi/œÄ,,,,I AM here & you are my sofa :)
1285366675143966720,"#Trump #MikePompeo #WilburRoss #FVEY #Britain #Brexit #BorisJohnson #IndoPacific | #Medicines #Pharma #IP #Vaccines #CapitolHill | #CCP #CCPVirus 

A_Kredo (20-Jul):

GOP Seeks Sanctions On Chinese Hackers Stealing Coronavirus Vaccine Info

https://t.co/vxtuTtPQ3V",Trump MikePompeo WilburRoss FVEY Britain Brexit BorisJohnson IndoPacific Medicines Pharma IP Vaccines CapitolHill CCP CCPVirus,en,Tue Jul 21 00:11:10 +0000 2020,441251850,OverTheMoonbat‚≠êÔ∏è‚≠êÔ∏è‚≠êÔ∏è,,,,"Free Flynn, Stone, & Assange"
1285367957531525126,"RT @UCastellotti: If you think that what CCP does in China is none of your business, look at #wuhanvirus and all the corrupt ppl and organi‚Ä¶",wuhanvirus,en,Tue Jul 21 00:16:16 +0000 2020,909467759117029378,ùêéùêíùêÑùêàùêÄùêí & ùïÑùïíùï£ùïñùï§ùïöùïíùï§üåäüèÑ‚Äç‚ôÇÔ∏è,,,,"S√£o Paulo, Brasil"
1285368409719312384,"RT @Stanford_GOP: The current #CCPVirus numbers are garbage: they‚Äôre counting people who refuse tests as positive in many states.

We encou‚Ä¶",CCPVirus,en,Tue Jul 21 00:18:04 +0000 2020,1250145884689424386,Cielo Azzurro,,,,USA and Italy
1285369114937012224,#carrielam #hk #wuhanvirus #covid-19 #medicalcheck #mainlanders #failstate ‚Å¶@SolomonYue‚Å© https://t.co/0PJ8TxXOp2,carrielam hk wuhanvirus covid medicalcheck mainlanders failstate,und,Tue Jul 21 00:20:52 +0000 2020,999938217892691969,ManSuenNuiSunüá≠üá∞,,,,"Portland, OR"
1285369134243393538,"Watch ""For first time, world records one million coronavirus cases in 100 hours | COVID-19 | World News"" on YouTube - https://t.co/STtmJvMQPg
#CCPVirus",CCPVirus,en,Tue Jul 21 00:20:57 +0000 2020,2413785764,#Brave #MarlisaxMarkus,,,,
1285369174777192448,"Watch ""For first time, world records one million coronavirus cases in 100 hours | COVID-19 | World News"" on YouTube - https://t.co/guriGdqVg9
#CCPVirus",CCPVirus,en,Tue Jul 21 00:21:06 +0000 2020,765554671188451328,MetroSuite,,,,National Capital Region
1285369176496824320,"Watch ""For first time, world records one million coronavirus cases in 100 hours | COVID-19 | World News"" on YouTube - https://t.co/AL58VSACkS
#CCPVirus",CCPVirus,en,Tue Jul 21 00:21:07 +0000 2020,742677787165659137,CondoSharing,,,,National Capital Region
1285370690225475585,@ChineseEmbinUK So #china is going to create another new virus to punish the rest of world lollll? #china #chinazi #ccpchina #ChinaLiedPeopleDied #chinavirus #wuhanvirus #covid #covid19 https://t.co/XBb6oPIcKR,china china chinazi ccpchina ChinaLiedPeopleDied chinavirus wuhanvirus covid covid19,en,Tue Jul 21 00:27:08 +0000 2020,3616776973,YNCHK,,,,Hong Kong
1285371218825101318,"Communist China had a biological #Chernobyl but unlike the Soviets they also have a large swath of ""western"" media bought and paid for
#CoronaVirus 
#ChinaLiedPeopleDied 
#ChinaVirus https://t.co/PPJOnMNW5Z",Chernobyl CoronaVirus ChinaLiedPeopleDied ChinaVirus,en,Tue Jul 21 00:29:14 +0000 2020,1266472836060704769,Slow,,,,USA
1285371923107471362,"#Trump #MikePompeo #Mnuchin #JayPowell #FOMC #FVEY #EconomicSecurity | #Finance #EconomicFreedom #Deplorables | #CCP #CCPVirus | #Economy

CTH (20-Jul):

President Trump Oval Office Remarks on Legislative COVID-19 Response ‚Äì Video and Transcript‚Ä¶

https://t.co/T0A1kGXe6D",Trump MikePompeo Mnuchin JayPowell FOMC FVEY EconomicSecurity Finance EconomicFreedom Deplorables CCP CCPVirus Economy,en,Tue Jul 21 00:32:02 +0000 2020,441251850,OverTheMoonbat‚≠êÔ∏è‚≠êÔ∏è‚≠êÔ∏è,,,,"Free Flynn, Stone, & Assange"
1285372465024241664,"@lonas5 Also how come the homeless population is not ravaged with the #wuhanvirus?   They rarely social distance or wear face coverings,  they‚Äôre not very sanitary.  This is just a big scam to make America into a banana republic.",wuhanvirus,en,Tue Jul 21 00:34:11 +0000 2020,2411913648,rightwingeraustin1492,,,,"Florida, USA"
1285373779724718080,#China_is_terrorist https://t.co/6GXL6jC61g,China_is_terrorist,und,Tue Jul 21 00:39:24 +0000 2020,1281252145896009728,Saray üîØ Barros,,,,Curitiba
1285374506521878528,"Watch ""Iran's President Rouhani says 35 million Iranians face COVID-19 infection"" on YouTube - https://t.co/K7TcaWgxOm
#CCPVirus",CCPVirus,en,Tue Jul 21 00:42:18 +0000 2020,2413785764,#Brave #MarlisaxMarkus,,,,
1285374523223633920,"Watch ""Iran's President Rouhani says 35 million Iranians face COVID-19 infection"" on YouTube - https://t.co/LgB8hv3sxj
#CCPVirus",CCPVirus,en,Tue Jul 21 00:42:22 +0000 2020,765554671188451328,MetroSuite,,,,National Capital Region
1285374525324922881,"Watch ""Iran's President Rouhani says 35 million Iranians face COVID-19 infection"" on YouTube - https://t.co/ttyunFcG5q
#CCPVirus",CCPVirus,en,Tue Jul 21 00:42:22 +0000 2020,742677787165659137,CondoSharing,,,,National Capital Region
1285376604286451714,"ME QUEDA 1,91‚Ç¨ üôèüèªüôèüèªüôèüèª QUIEN ME AYUDE LE DEVUELVO EL DOBLEüôèüèªüôèüèª #Aliexpress #aliexpressbonus #EliteNetflix #coronavirus #AnimalesNocturnos6 

¬°Consigue 20‚Ç¨!Bonus pendiente de entrega https://t.co/u8GO0L3yr0",Aliexpress aliexpressbonus EliteNetflix coronavirus AnimalesNocturnos6,es,Tue Jul 21 00:50:38 +0000 2020,1044336092307222531,ùôàùôñùôßùôòùô§ùô® ùôÇ,,,,"Barcelona, Catalu√±a"
1285376623940907008,"RT @maarcos_gm: ME QUEDA 1,91‚Ç¨ üôèüèªüôèüèªüôèüèª QUIEN ME AYUDE LE DEVUELVO EL DOBLEüôèüèªüôèüèª #Aliexpress #aliexpressbonus #EliteNetflix #coronavirus #Anim‚Ä¶",Aliexpress aliexpressbonus EliteNetflix coronavirus,es,Tue Jul 21 00:50:42 +0000 2020,1044336092307222531,ùôàùôñùôßùôòùô§ùô® ùôÇ,,,,"Barcelona, Catalu√±a"
1285378604885368833,@CAPAction Ultimately you can thank China! #COVID19  #ChinaWillPay #ChinaVirus #ChinaLiedPeopleDied,COVID19 ChinaWillPay ChinaVirus ChinaLiedPeopleDied,en,Tue Jul 21 00:58:35 +0000 2020,84477345,Jo Davis,,,,"Los Angeles, CA"
1285379270777483264,"Our Internet Link was down all weekend. It just came up a bit ago. We will start posting again on Tuesday morning July 21.

Again on July 24, 2020, we will stop most 
#CoronaVirus #CCPVirus on this Twitter account. However, the account @covid19autostat  will continue posting.",CoronaVirus CCPVirus,en,Tue Jul 21 01:01:14 +0000 2020,895388295496073221,The Border Observer,,,,"El Paso, TX"
1285380392657260544,"Our Internet Link was down all weekend. It just came up a bit ago. We will start posting again on Tuesday morning July 21.

To repeat on July 24, 2020, we will stop most #CoronaVirus #CCPVirus on this account. However, @covid19autostat will continue.",CoronaVirus CCPVirus,en,Tue Jul 21 01:05:41 +0000 2020,819519735637377024,jesse Politic 650,,,,West TX
1285380676364021760,"#coronavirus #Covid_19 #Covid19isGettingCloser 
#ChinaLiedPeopleDied 
@narendramodi 
@AmitShah https://t.co/mPBcMJQJCR",coronavirus Covid_19 Covid19isGettingCloser ChinaLiedPeopleDied,und,Tue Jul 21 01:06:49 +0000 2020,1279021312837472258,Hemlata panwar ‚úø,,,,"Pali, India"
1285380840248299522,"@XHNews Looking for those #China #coronavirus numbers like.... 

#COVID19 #ChineseVirus #ChinaLiedPeopleDied https://t.co/uyZrnaxm5m",China coronavirus COVID19 ChineseVirus ChinaLiedPeopleDied,en,Tue Jul 21 01:07:28 +0000 2020,49029278,Vamos Mets,,,,"New York, New York"
1285381000835497984,@JoeBiden So China had / has no cases? You Communist Shill. #ChinaVirus #WuhanVirus #ChinaLiedPeopleDied,ChinaVirus WuhanVirus ChinaLiedPeopleDied,en,Tue Jul 21 01:08:06 +0000 2020,1008598206224035840,Tweets Exceeded RikD,,,,Rock Orbiting Hydrogen Mass 
1285381900647858176,#Masks #COVID19 #ridiculous #ChinaLiedPeopleDied https://t.co/Uzakvgvl1q,Masks COVID19 ridiculous ChinaLiedPeopleDied,und,Tue Jul 21 01:11:41 +0000 2020,2615511662,Lb33,,,,United States
1285382339493629953,"RT @BrendonWayne6: Stop the game ‚ÄºÔ∏èMake CCP reveal the TRUTHS of #coronavirus ‚ÄºÔ∏è #CCP_is_terrorist #CCPVirus 
 https://t.co/SXZTx0zCE8",coronavirus CCP_is_terrorist CCPVirus,en,Tue Jul 21 01:13:25 +0000 2020,1245629121176076291,Wwk1998,,,,Vanuatu
1285383812042510336,RT @ppp_sng: @robert_spalding BioWeapon such as COVID-19 #CCPVirus is part of UnrestrictedWarfare! Murdering American people more than what‚Ä¶,CCPVirus,en,Tue Jul 21 01:19:16 +0000 2020,2773108849,Elizabeth‰ºä‰∏ΩËééÁôΩ,,,,"Melbourne, Australia"
1285392813572726789,@sawmilltaters Dude you should work outside in Florida on the roof of a building.  It‚Äôs just ridiculous.  Grateful to have a job right now though with the overreaction to the #wuhanvirus.,wuhanvirus,en,Tue Jul 21 01:55:02 +0000 2020,2411913648,rightwingeraustin1492,,,,"Florida, USA"
1285393519503433729,A #FatalConceit in #Miami https://t.co/4RRWMJO9j5 #Florida #lockdowns #restaurants #COVID19 #WuFlu #KingFlu #ChineseVirus #CCPVirus #freedom,FatalConceit Miami Florida lockdowns restaurants COVID19 WuFlu KingFlu ChineseVirus CCPVirus freedom,und,Tue Jul 21 01:57:51 +0000 2020,61814348,Mr. Alexandria Ocrazio Cortez,,,,Maryland
1285395922680254464,It‚Äôs the #wuhanvirus.  PERIOD! https://t.co/SUVKafN4kM,wuhanvirus,en,Tue Jul 21 02:07:24 +0000 2020,2411913648,rightwingeraustin1492,,,,"Florida, USA"
1285396182030663680,"21 yrs ago, the #CCP launched a campaign to eradicate #FalunGong. The goal? ‚ÄúTo completely transform who they are into obedient followers of the #communist state‚Äîor they're going to die in the process.

#CCPVirus #himachal #coronavirus #auspol #nzpol #Ollywood #TheQueenMzansi #UK https://t.co/DSVkxr1I7P",CCP FalunGong communist CCPVirus himachal coronavirus auspol nzpol Ollywood TheQueenMzansi UK,en,Tue Jul 21 02:08:25 +0000 2020,1101061110533255168,Bhushan Lal Koul,,,,"Jammu, Jammu And Kashmir"
1285412166766493701,"#COVID19  #Corona  #coronaindia  #lockdown
#lockdownindia  #SocialDistanacing  #Stayhome  #staysafe  #IndiaFightsCorona  #‡§ï‡•ã‡§∞‡•ã‡§®‡§æ  #‡§ï‡•ã‡§∞‡•ã‡§®‡§æ_‡§π‡§æ‡§∞‡•á‡§ó‡§æ_‡§¶‡•á‡§∂_‡§ú‡•Ä‡§§‡•á‡§ó‡§æ  #‡§ï‡•ã‡§µ‡§ø‡§°19  #‡§ï‡•ã‡§∞‡•ã‡§®‡§æ_‡§ï‡•ã_‡§π‡§∞‡§æ‡§®‡§æ_‡§π‡•à  #HomeQuarantine https://t.co/mr00ch4kPz",COVID19 Corona coronaindia lockdown lockdownindia SocialDistanacing Stayhome staysafe IndiaFightsCorona ‡§ï‡•ã‡§∞‡•ã‡§®‡§æ ‡§ï‡•ã‡§∞‡•ã‡§®‡§æ_‡§π‡§æ‡§∞‡•á‡§ó‡§æ_‡§¶‡•á‡§∂_‡§ú‡•Ä‡§§‡•á‡§ó‡§æ ‡§ï‡•ã‡§µ‡§ø‡§°19 ‡§ï‡•ã‡§∞‡•ã‡§®‡§æ_‡§ï‡•ã_‡§π‡§∞‡§æ‡§®‡§æ_‡§π‡•à HomeQuarantine,und,Tue Jul 21 03:11:57 +0000 2020,3571097474,Rahul Kumar,,,,Biharsharif
1285412312359137280,"#‡§∏‡•ç‡§µ‡§æ‡§∏‡•ç‡§•‡•ç‡§Ø‡§®‡§®‡•ç‡§π‡§æ‡§ú‡•ç‡§û‡§æ‡§®  #healthsmallknowledge  #COVID19  #Corona  #coronaindia  #lockdown
#lockdownindia  #SocialDistanacing  #Stayhome  #staysafe  #IndiaFightsCorona  #‡§ï‡•ã‡§∞‡•ã‡§®‡§æ  #‡§ï‡•ã‡§∞‡•ã‡§®‡§æ_‡§π‡§æ‡§∞‡•á‡§ó‡§æ_‡§¶‡•á‡§∂_‡§ú‡•Ä‡§§‡•á‡§ó‡§æ  #‡§ï‡•ã‡§µ‡§ø‡§°19  #‡§ï‡•ã‡§∞‡•ã‡§®‡§æ_‡§ï‡•ã_‡§π‡§∞‡§æ‡§®‡§æ_‡§π‡•à  #HomeQuarantine https://t.co/plrjvY2Vne",‡§∏‡•ç‡§µ‡§æ‡§∏‡•ç‡§•‡•ç‡§Ø‡§®‡§®‡•ç‡§π‡§æ‡§ú‡•ç‡§û‡§æ‡§® healthsmallknowledge COVID19 Corona coronaindia lockdown lockdownindia SocialDistanacing Stayhome staysafe IndiaFightsCorona ‡§ï‡•ã‡§∞‡•ã‡§®‡§æ ‡§ï‡•ã‡§∞‡•ã‡§®‡§æ_‡§π‡§æ‡§∞‡•á‡§ó‡§æ_‡§¶‡•á‡§∂_‡§ú‡•Ä‡§§‡•á‡§ó‡§æ ‡§ï‡•ã‡§µ‡§ø‡§°19 ‡§ï‡•ã‡§∞‡•ã‡§®‡§æ_‡§ï‡•ã_‡§π‡§∞‡§æ‡§®‡§æ_‡§π‡•à HomeQuarantine,und,Tue Jul 21 03:12:31 +0000 2020,3571097474,Rahul Kumar,,,,Biharsharif
1285412371117174786,"#‡§∏‡•ç‡§µ‡§æ‡§∏‡•ç‡§•‡•ç‡§Ø‡§®‡§®‡•ç‡§π‡§æ‡§ú‡•ç‡§û‡§æ‡§®  #healthsmallknowledge  #COVID19  #Corona  #coronaindia  #lockdown
#lockdownindia  #SocialDistanacing  #Stayhome  #staysafe  #IndiaFightsCorona  #‡§ï‡•ã‡§∞‡•ã‡§®‡§æ  #‡§ï‡•ã‡§∞‡•ã‡§®‡§æ_‡§π‡§æ‡§∞‡•á‡§ó‡§æ_‡§¶‡•á‡§∂_‡§ú‡•Ä‡§§‡•á‡§ó‡§æ  #‡§ï‡•ã‡§µ‡§ø‡§°19  #‡§ï‡•ã‡§∞‡•ã‡§®‡§æ_‡§ï‡•ã_‡§π‡§∞‡§æ‡§®‡§æ_‡§π‡•à  #HomeQuarantine https://t.co/OBsGHIwmHR",‡§∏‡•ç‡§µ‡§æ‡§∏‡•ç‡§•‡•ç‡§Ø‡§®‡§®‡•ç‡§π‡§æ‡§ú‡•ç‡§û‡§æ‡§® healthsmallknowledge COVID19 Corona coronaindia lockdown lockdownindia SocialDistanacing Stayhome staysafe IndiaFightsCorona ‡§ï‡•ã‡§∞‡•ã‡§®‡§æ ‡§ï‡•ã‡§∞‡•ã‡§®‡§æ_‡§π‡§æ‡§∞‡•á‡§ó‡§æ_‡§¶‡•á‡§∂_‡§ú‡•Ä‡§§‡•á‡§ó‡§æ ‡§ï‡•ã‡§µ‡§ø‡§°19 ‡§ï‡•ã‡§∞‡•ã‡§®‡§æ_‡§ï‡•ã_‡§π‡§∞‡§æ‡§®‡§æ_‡§π‡•à HomeQuarantine,und,Tue Jul 21 03:12:45 +0000 2020,3571097474,Rahul Kumar,,,,Biharsharif
1285412833623027713,"#‡§∏‡•ç‡§µ‡§æ‡§∏‡•ç‡§•‡•ç‡§Ø‡§®‡§®‡•ç‡§π‡§æ‡§ú‡•ç‡§û‡§æ‡§® #healthsmallknowledge  #COVID19 #coronaindia #lockdown
#lockdownindia #SocialDistanacing  #Stayhome #staysafe  #IndiaFightsCorona #‡§ï‡•ã‡§∞‡•ã‡§®‡§æ  #‡§ï‡•ã‡§∞‡•ã‡§®‡§æ_‡§π‡§æ‡§∞‡•á‡§ó‡§æ_‡§¶‡•á‡§∂_‡§ú‡•Ä‡§§‡•á‡§ó‡§æ #‡§ï‡•ã‡§µ‡§ø‡§°19  #‡§ï‡•ã‡§∞‡•ã‡§®‡§æ_‡§ï‡•ã_‡§π‡§∞‡§æ‡§®‡§æ_‡§π‡•à #onlineclasses #onlinelearning #student #studentlife #‡§µ‡§ø‡§¶‡•ç‡§Ø‡§æ‡§∞‡•ç‡§•‡•Ä https://t.co/wcvgPUHcL1",‡§∏‡•ç‡§µ‡§æ‡§∏‡•ç‡§•‡•ç‡§Ø‡§®‡§®‡•ç‡§π‡§æ‡§ú‡•ç‡§û‡§æ‡§® healthsmallknowledge COVID19 coronaindia lockdown lockdownindia SocialDistanacing Stayhome staysafe IndiaFightsCorona ‡§ï‡•ã‡§∞‡•ã‡§®‡§æ ‡§ï‡•ã‡§∞‡•ã‡§®‡§æ_‡§π‡§æ‡§∞‡•á‡§ó‡§æ_‡§¶‡•á‡§∂_‡§ú‡•Ä‡§§‡•á‡§ó‡§æ ‡§ï‡•ã‡§µ‡§ø‡§°19 ‡§ï‡•ã‡§∞‡•ã‡§®‡§æ_‡§ï‡•ã_‡§π‡§∞‡§æ‡§®‡§æ_‡§π‡•à onlineclasses onlinelearning student studentlife ‡§µ‡§ø‡§¶‡•ç‡§Ø‡§æ‡§∞‡•ç‡§•‡•Ä,und,Tue Jul 21 03:14:36 +0000 2020,3571097474,Rahul Kumar,,,,Biharsharif
1285413157154852864,"#‡§∏‡•ç‡§µ‡§æ‡§∏‡•ç‡§•‡•ç‡§Ø‡§®‡§®‡•ç‡§π‡§æ‡§ú‡•ç‡§û‡§æ‡§®  #healthsmallknowledge  #COVID19  #Corona  #coronaindia  #lockdown
#lockdownindia  #SocialDistanacing  #Stayhome  #staysafe  #IndiaFightsCorona  #‡§ï‡•ã‡§∞‡•ã‡§®‡§æ  #‡§ï‡•ã‡§∞‡•ã‡§®‡§æ_‡§π‡§æ‡§∞‡•á‡§ó‡§æ_‡§¶‡•á‡§∂_‡§ú‡•Ä‡§§‡•á‡§ó‡§æ  #‡§ï‡•ã‡§µ‡§ø‡§°19  #‡§ï‡•ã‡§∞‡•ã‡§®‡§æ_‡§ï‡•ã_‡§π‡§∞‡§æ‡§®‡§æ_‡§π‡•à  #HomeQuarantine https://t.co/STvFLtruzc",‡§∏‡•ç‡§µ‡§æ‡§∏‡•ç‡§•‡•ç‡§Ø‡§®‡§®‡•ç‡§π‡§æ‡§ú‡•ç‡§û‡§æ‡§® healthsmallknowledge COVID19 Corona coronaindia lockdown lockdownindia SocialDistanacing Stayhome staysafe IndiaFightsCorona ‡§ï‡•ã‡§∞‡•ã‡§®‡§æ ‡§ï‡•ã‡§∞‡•ã‡§®‡§æ_‡§π‡§æ‡§∞‡•á‡§ó‡§æ_‡§¶‡•á‡§∂_‡§ú‡•Ä‡§§‡•á‡§ó‡§æ ‡§ï‡•ã‡§µ‡§ø‡§°19 ‡§ï‡•ã‡§∞‡•ã‡§®‡§æ_‡§ï‡•ã_‡§π‡§∞‡§æ‡§®‡§æ_‡§π‡•à HomeQuarantine,und,Tue Jul 21 03:15:53 +0000 2020,3571097474,Rahul Kumar,,,,Biharsharif
1285413681459679232,"#‡§∏‡•ç‡§µ‡§æ‡§∏‡•ç‡§•‡•ç‡§Ø‡§®‡§®‡•ç‡§π‡§æ‡§ú‡•ç‡§û‡§æ‡§®  #healthsmallknowledge  #COVID19  #Corona  #coronaindia  #lockdown
#lockdownindia  #SocialDistanacing  #Stayhome  #staysafe  #IndiaFightsCorona  #‡§ï‡•ã‡§∞‡•ã‡§®‡§æ  #‡§ï‡•ã‡§∞‡•ã‡§®‡§æ_‡§π‡§æ‡§∞‡•á‡§ó‡§æ_‡§¶‡•á‡§∂_‡§ú‡•Ä‡§§‡•á‡§ó‡§æ  #‡§ï‡•ã‡§µ‡§ø‡§°19  #‡§ï‡•ã‡§∞‡•ã‡§®‡§æ_‡§ï‡•ã_‡§π‡§∞‡§æ‡§®‡§æ_‡§π‡•à  #‡§Ü‡§§‡•ç‡§Æ‡§∞‡§ï‡•ç‡§∑‡§æ  #7_‡§∏‡•Ç‡§§‡•ç‡§∞ #‡§Ü‡§§‡•ç‡§Æ‡§∞‡§ï‡•ç‡§∑‡§æ_‡§ï‡•á_‡§∏‡§æ‡§§_‡§∏‡•Ç‡§§‡•ç‡§∞ https://t.co/ismpN1AgUC",‡§∏‡•ç‡§µ‡§æ‡§∏‡•ç‡§•‡•ç‡§Ø‡§®‡§®‡•ç‡§π‡§æ‡§ú‡•ç‡§û‡§æ‡§® healthsmallknowledge COVID19 Corona coronaindia lockdown lockdownindia SocialDistanacing Stayhome staysafe IndiaFightsCorona ‡§ï‡•ã‡§∞‡•ã‡§®‡§æ ‡§ï‡•ã‡§∞‡•ã‡§®‡§æ_‡§π‡§æ‡§∞‡•á‡§ó‡§æ_‡§¶‡•á‡§∂_‡§ú‡•Ä‡§§‡•á‡§ó‡§æ ‡§ï‡•ã‡§µ‡§ø‡§°19 ‡§ï‡•ã‡§∞‡•ã‡§®‡§æ_‡§ï‡•ã_‡§π‡§∞‡§æ‡§®‡§æ_‡§π‡•à ‡§Ü‡§§‡•ç‡§Æ‡§∞‡§ï‡•ç‡§∑‡§æ 7_‡§∏‡•Ç‡§§‡•ç‡§∞ ‡§Ü‡§§‡•ç‡§Æ‡§∞‡§ï‡•ç‡§∑‡§æ_‡§ï‡•á_‡§∏‡§æ‡§§_‡§∏‡•Ç‡§§‡•ç‡§∞,und,Tue Jul 21 03:17:58 +0000 2020,3571097474,Rahul Kumar,,,,Biharsharif
1285419201952460800,"@tedcruz @TheRightMelissa #ChinaLiedPeopleDied #WuhanVirus
üõëüõëüõë#ChinesePropaganda
üõëüõëüõë#Riots",ChinaLiedPeopleDied WuhanVirus ChinesePropaganda Riots,und,Tue Jul 21 03:39:54 +0000 2020,1238213883602653185,Brigitta Ake,,,,"Wisconsin, USA"
1285423104286588928,"RT @BrendonWayne6: Stop the game ‚ÄºÔ∏èMake CCP reveal the TRUTHS of #coronavirus ‚ÄºÔ∏è #CCP_is_terrorist #CCPVirus 
 https://t.co/SXZTx0zCE8",coronavirus CCP_is_terrorist CCPVirus,en,Tue Jul 21 03:55:24 +0000 2020,1246638830943272965,Èõ∑È∏£ÔºàÊñáÈ∏£Ôºâ,,,,"Queensland, Australia"
1285423208108191745,Add oil üí™üèªtogether Let's fight the #ChinaVirus #COVID19 #CCPVirus #WuhanVirus ! https://t.co/2QsOI1dGif,ChinaVirus COVID19 CCPVirus WuhanVirus,en,Tue Jul 21 03:55:49 +0000 2020,1035578432292192256,Êµ¥ÁÅ´ÈáçÁîüÁöÑÂõûÈü≥Âêõ,,,,È¶ôÂüé
1285424060017467392,@realDonaldTrump Add oil üí™üèª together Let's fight the #ChinaVirus #COVID19 #CCPVirus #WuhanVirus ! Hongkonger always support you üëçüèª,ChinaVirus COVID19 CCPVirus WuhanVirus,en,Tue Jul 21 03:59:12 +0000 2020,1035578432292192256,Êµ¥ÁÅ´ÈáçÁîüÁöÑÂõûÈü≥Âêõ,,,,È¶ôÂüé
1285424167257387008,"I thought it was to the WHTF on #CCPVirus, which the CDC is a part of, reason is logical.  Dr Birx said this in April ""https://t.co/l0cbD5g1aQ"" People who's head is on right n tight know they padded the #'s in order to get more $$$ from FEDs. https://t.co/E3Po8QBEFi",CCPVirus,en,Tue Jul 21 03:59:38 +0000 2020,895717573827874816,HeadisRIGHTnTIGHT,,,,Mesa Arizona
1285424631340584966,"Not amazed to find-out China already has a vaccine. I'm pretty sure xi jinping and his HERD were vaccinated BEFORE the ""accidental"" release of the #CHINESEVirus.
#ChinaWillPay 
#ChinaMustPay 
#boycottchinaproducts 
#BoycottChina
#COVID19 
#COVID„Éº19 
Covid
Boycott #MadeInChina https://t.co/B6ZgXQFMyB",CHINESEVirus ChinaWillPay ChinaMustPay boycottchinaproducts BoycottChina COVID19 COVID„Éº19 MadeInChina,en,Tue Jul 21 04:01:28 +0000 2020,2767551883,PBeachamüåüüåüüåü,,,,Lejos de mi coraz√≥n
